{
  "mainAssemblyName": "WebUI",
  "resources": {
    "hash": "sha256-SERgxArW+Xg0wDIyKkGRiFZoce/Ge23dk1OK5Ma5hcU=",
    "jsModuleNative": {
      "dotnet.native.8.0.2.a3hoqvmfid.js": "sha256-HzJQhhbKPbfD5ROeAo3Oovu6/QxsEATfUGB8Azs4wyk="
    },
    "jsModuleRuntime": {
      "dotnet.runtime.8.0.2.8j60y5zbay.js": "sha256-54KSaoOArNfygQbV+r4B5y3ys53v2tnvFIyZcZiUmi0="
    },
    "wasmNative": {
      "dotnet.native.wasm": "sha256-FiRjPxGR7jhl9xpmmhr5hyRXWBOURf9SXvVZmWaiemY="
    },
    "icu": {
      "icudt_CJK.dat": "sha256-SZLtQnRc0JkwqHab0VUVP7T3uBPSeYzxzDnpxPpUnHk=",
      "icudt_EFIGS.dat": "sha256-8fItetYY8kQ0ww6oxwTLiT3oXlBwHKumbeP2pRF4yTc=",
      "icudt_no_CJK.dat": "sha256-L7sV7NEYP37/Qr2FPCePo5cJqRgTXRwGHuwF5Q+0Nfs="
    },
    "assembly": {
      "Blazored.LocalStorage.wasm": "sha256-OaMAAd5n7ORfyur5e3QIyEVKJ76MKIvwbg7/icnnYcU=",
      "Common.wasm": "sha256-p+flzCkMnpRMjDaYZbYbtTnBb5BP3BWF7X9+6CHhh5g=",
      "Microsoft.AspNetCore.Authorization.wasm": "sha256-A2aiQwxym4VHRr3Oue0sLBKIqKD0qrkyH3MDZR2HxlI=",
      "Microsoft.AspNetCore.Components.Authorization.wasm": "sha256-RXl4+mPSoue4deEaS1SxWLrWFkVkcmq+rGZXoWD15n4=",
      "Microsoft.AspNetCore.Components.Forms.wasm": "sha256-OZQTVM44bJJZ0PS9Ov/yIKDLjA/tlubHy9d480fEZfs=",
      "Microsoft.AspNetCore.Components.wasm": "sha256-Ob/mHyRxVSFyw5jd+VEIfhnucIsaIFLxFqDFU0pLxDY=",
      "Microsoft.AspNetCore.Components.Web.wasm": "sha256-glHFwJ6Jp8pENZtEtq9ul0Tc4AZrlx1XFK+b4MFKrNw=",
      "Microsoft.AspNetCore.Components.WebAssembly.wasm": "sha256-vqK+csG644dg5ga+uZ/xZDEQn2ab+B3yaWQ9KlJdpUo=",
      "Microsoft.AspNetCore.Http.Abstractions.wasm": "sha256-aPjR8YQYZRQOCbPYFnx/tOBYEqSXaAF/F/Cd883tTH4=",
      "Microsoft.AspNetCore.Http.Features.wasm": "sha256-hF86nD892lo0u26YKc0I78W2vbzPNsSJRdXv/fpfy60=",
      "Microsoft.AspNetCore.Identity.EntityFrameworkCore.wasm": "sha256-WGd+/TbyWaxgumfWz7uttzMKJOm7Vz6Et2AndnXzHe0=",
      "Microsoft.AspNetCore.Metadata.wasm": "sha256-mKC5hkGpebXByb2KiBYz7dAatN5U42HQvTYon3XEZkg=",
      "Microsoft.Data.Sqlite.wasm": "sha256-xAVCRGttjN4FLTV9vfKeydaMgpV+mCU0wRWL+AVbjwU=",
      "Microsoft.EntityFrameworkCore.Abstractions.wasm": "sha256-lU4Rx9CO269zzGMOO3S+OS5lyybaS2w0B7uWjzCi2as=",
      "Microsoft.EntityFrameworkCore.Relational.wasm": "sha256-rAoeHBtDeNLcPBgzcouxfEZyOH0/UPGkWh5t0zTonYY=",
      "Microsoft.EntityFrameworkCore.Sqlite.wasm": "sha256-MJYfkQecXEWpAxwsPeG8FIgXhFvefaASC+hAqh7R55A=",
      "Microsoft.EntityFrameworkCore.wasm": "sha256-Z3mfR2z8a27EGVucDYcWGOuoh2BUTanxAvxOdyhcSO8=",
      "Microsoft.Extensions.Caching.Abstractions.wasm": "sha256-dsiKnNk5fu1Nr7YgqCCNCIyNXXJYeHgCk0CzvM5NZX0=",
      "Microsoft.Extensions.Caching.Memory.wasm": "sha256-G22WVDHoUPj4GQZhpx5XsdMSk0we9QGgT2nsHDq23f0=",
      "Microsoft.Extensions.Configuration.Abstractions.wasm": "sha256-+genCaZebImezMKdHAhsF3Yy0j+WHeBdK5At7yBfl6s=",
      "Microsoft.Extensions.Configuration.Json.wasm": "sha256-Qj+ocr7sNImYYg7dfeZDt9jXzynW9zOVEdmW2XolQ+U=",
      "Microsoft.Extensions.Configuration.wasm": "sha256-ihbMmLBPZJRPBGUvtZODaG857fR9k6C8SGHOjCJcWGw=",
      "Microsoft.Extensions.DependencyInjection.Abstractions.wasm": "sha256-UrAkH1wofFwmLQhabSs0+HtkDqYLpPwKQrpNmbmPQXU=",
      "Microsoft.Extensions.DependencyInjection.wasm": "sha256-oqnpOSUSGA8hB8rsLGNM6rjUt4q8QUQh1jl8lUyijMs=",
      "Microsoft.Extensions.DependencyModel.wasm": "sha256-MmBqI5lkR/X4sxnOzKJcSQRERcNBhft/MJvkzTG+R0s=",
      "Microsoft.Extensions.Identity.Core.wasm": "sha256-31FN31j1nnTJCBZeRXRdG3rkRNpWTb6Waxf81nel9Ps=",
      "Microsoft.Extensions.Identity.Stores.wasm": "sha256-o3D2gX56mnRN6oaZKvKo0iMpdmxgYeBgKlE8UPsfd2Q=",
      "Microsoft.Extensions.Logging.Abstractions.wasm": "sha256-On5a16sqR0lCrqiadzf8CqL4bR0J3z/TIg4f5n8Y73E=",
      "Microsoft.Extensions.Logging.wasm": "sha256-d2tRY6VNHfszLqg6yqWlunFAGS4TcC1WycL8fo1uAA8=",
      "Microsoft.Extensions.Options.wasm": "sha256-/6COTtxUZqiwjroyilPdlFUpRi3bttbXgiffDxOvnbc=",
      "Microsoft.Extensions.Primitives.wasm": "sha256-5vND7znO/iF8u7Qrhooqbltlhh0S3KqQKA3uP2RY5c8=",
      "Microsoft.FluentUI.AspNetCore.Components.Icons.wasm": "sha256-lDci9jIL9XlYjSDPJ93GKGegFaP7VWYznLtpA7/PMFM=",
      "Microsoft.FluentUI.AspNetCore.Components.wasm": "sha256-ruxwhTWZnDgEkq7FfEAuKFvNnCctQa72AN6I7cnLBjE=",
      "Microsoft.IdentityModel.Abstractions.wasm": "sha256-pxhzg2tKAiZ/VamEKXJdxM9dhUhOn/Yv1oDYi4HYbQM=",
      "Microsoft.IdentityModel.JsonWebTokens.wasm": "sha256-UC/gWcjdcTVz2V/SAcfsnZw3ISxyIzzy8MlRfTVhH0Y=",
      "Microsoft.IdentityModel.Logging.wasm": "sha256-3LHWVVr3Ln36mV0pfFV3jg+xaLjqVV9axKsP2H6299Y=",
      "Microsoft.IdentityModel.Tokens.wasm": "sha256-zeT3cX6Y16zZxEmgSukPOnPBPoQNq6jLsO0MOwYXg14=",
      "Microsoft.JSInterop.wasm": "sha256-5YEVSb6bk2zDIPtsVUZwmH6+zE/jWwR3EmFfauCOH3w=",
      "Microsoft.JSInterop.WebAssembly.wasm": "sha256-2UBM9/bu7xO14FDEreNbNSMdEh8/FUuiewHRjTGo5Bw=",
      "netstandard.wasm": "sha256-ZQDA1SqthwpymoP1YSOkGiaPN4BDSPEVoXYx58ugv6M=",
      "SQLitePCLRaw.batteries_v2.wasm": "sha256-NYXis768UnmTnN8sICHWxiOvd2BeOdIwff8ZUv877qU=",
      "SQLitePCLRaw.core.wasm": "sha256-0vuWrgliTAUjfbIP05udil7T6SoOKeWutRXFRRbdemQ=",
      "SQLitePCLRaw.provider.e_sqlcipher.wasm": "sha256-NANhHsBh3SdWD0T6hbDrSIHnsAPjUXvmTYVRTHmSQw4=",
      "SQLitePCLRaw.provider.e_sqlite3.wasm": "sha256-3TKRNpWG681LxI/l31HI8LuIjsCjG6XJ9dIEXu3m1zY=",
      "System.Collections.Concurrent.wasm": "sha256-a8ay2JBh6WOPmIWm0BOK05m1IzPSD3gIHRrkoIbhin8=",
      "System.Collections.Immutable.wasm": "sha256-LoDUbOV63xyxqxkxQr1s7RsaCxeHPnGOuSWI0XJZpys=",
      "System.Collections.NonGeneric.wasm": "sha256-YJqQVrOTOh9zvcdoVxSoLx0Rz+ygTashbiEvdxZOcR8=",
      "System.Collections.Specialized.wasm": "sha256-IMrqOPSM8efKCtzzz7Z+tQAVB+F6eVWOcMOMvmE95zw=",
      "System.Collections.wasm": "sha256-v+dGfGhIeXZM8hgPQPQsjYX0JXrZuEUaZLED7n4dFtE=",
      "System.ComponentModel.Annotations.wasm": "sha256-ahazzh5zz//nlk2S8NNhJ3BF9uuEk6NHu4mftzqRWpw=",
      "System.ComponentModel.Primitives.wasm": "sha256-fSnX7mGYP72XryVdySx6sR3YKFSI2JZryIshPtoNMBk=",
      "System.ComponentModel.TypeConverter.wasm": "sha256-AC7pyO8jpaMPoLYiCHGWEKe+ALhjcATc6gJ2y60usMI=",
      "System.ComponentModel.wasm": "sha256-MntCEy7UjNQCQW+Wzt5s6y0gqwb2fqrO5B/9xl8iCEs=",
      "System.Console.wasm": "sha256-OJaD/cPyzg1+JL6z3ZQUoMC58l0lTef0V4+ISkhCGJQ=",
      "System.Data.Common.wasm": "sha256-c15evEFEXH94rQsHaP+lbjdhE0F6dc04d1SVFAqPjIs=",
      "System.Diagnostics.DiagnosticSource.wasm": "sha256-u/pcmZOWSUDZyqkN5IZ8Uj1SCaIJah36MwV9As7K2tg=",
      "System.Diagnostics.TraceSource.wasm": "sha256-XWwm9W3cF3v9qVfNYxLXAC1rH3UYSRhZdpXe9fU+z4Q=",
      "System.Diagnostics.Tracing.wasm": "sha256-ZNQM9hZjmZQmnoi8L64XGV/g2pe8mgOQEhY5SoRBkAQ=",
      "System.Drawing.Primitives.wasm": "sha256-KjGuC+xLQ7z8Y4Kew7rsi2HY/b8h5GwISW+K01guv4E=",
      "System.Drawing.wasm": "sha256-vVmIudOAm9yf93Ap8Zt5luCId4GX5lACOMj3aDn3xdo=",
      "System.Formats.Asn1.wasm": "sha256-svX+qH4WNSCXJXuOWygkh1IJT0AGhIy1yrkLs4wQtz4=",
      "System.IdentityModel.Tokens.Jwt.wasm": "sha256-urIh4wWUqEjAyP6bV0ueJAAgyvrVU7TghFPBmbI3G6Y=",
      "System.IO.Compression.wasm": "sha256-FT19/0Nd6ucPJURljEjVvkOm6ODOqhkZqRSFbE6A880=",
      "System.Linq.Expressions.wasm": "sha256-MmxnE7Ti/569z8mlBwMe5AJjYjWA46VjhHPn7aaa9/E=",
      "System.Linq.Queryable.wasm": "sha256-T1lPYQ6ROaWPjUz52q01AvuJgE1/1ImYa7z1HaEvzbE=",
      "System.Linq.wasm": "sha256-SFRb/PDJNeTHktkFJo8OogEfT8DmNuGHRnpyMn7XH+Q=",
      "System.Memory.wasm": "sha256-i2bTjLqSy8uSmgY94PDAXOoAxZaR6chwFi0DfFyH5FM=",
      "System.Net.Http.Json.wasm": "sha256-hZmZiviXbrmS5Cwn7a/Sxnc6swxotel0N0lMbswCSuY=",
      "System.Net.Http.wasm": "sha256-zVw+s9m2sfHgsQEugUZle3MqYX7NMh9EL6YhSdEy+0k=",
      "System.Net.NetworkInformation.wasm": "sha256-7RB6iSZHYJIII7Y9gjE+pj2DthxQ8jjCfUEC7zB/x8Q=",
      "System.Net.Primitives.wasm": "sha256-/i5/P/dCzqv4U1nZ2ugfYgpkljl52LclM4F2qv1RpYM=",
      "System.Net.WebSockets.wasm": "sha256-Zo6fG7js5koOFo7m3WwSteyTu2/Lt7LjkRxa3ECgnts=",
      "System.ObjectModel.wasm": "sha256-VBKox3NRdeKLPFN7x5uVq4zCWBRk1pny3QO0qCcnmu4=",
      "System.Private.CoreLib.wasm": "sha256-+84O6y2qac9P+eHumvX4gBa3glcUqa3SJU6UPig4sh4=",
      "System.Private.Uri.wasm": "sha256-PCvy5u7gZFxu6hL/H7e7IFTNIZlNE8TvO6/+WImLcVY=",
      "System.Private.Xml.wasm": "sha256-5hFi3dGYhk26nTMAOT5wRL0Km5/UCL+DdLG9nyYjdBw=",
      "System.Runtime.InteropServices.JavaScript.wasm": "sha256-YHmjTPp+pQNawqYnmEhZslqLfyS5CCXDjlpwlLq2FCo=",
      "System.Runtime.InteropServices.RuntimeInformation.wasm": "sha256-dpSWxWnrMABDl7GsknA+unyiz6X3JWVFeT1032ZuvAA=",
      "System.Runtime.InteropServices.wasm": "sha256-iNIu1Tvst5HLlWi4VxpeKzJcoSdQsr2D/MdUxUfFilY=",
      "System.Runtime.Numerics.wasm": "sha256-vhnKjRgqjI6wGoGqvOkkGuuln4PcNjGz+Gco6sURxjg=",
      "System.Runtime.Serialization.Formatters.wasm": "sha256-pvwSaepGigiaept6WsryLj1cBxCfEIeLOdYNt7/IQ8I=",
      "System.Runtime.wasm": "sha256-XnHXwRvm9WtiIjFK3HTixZwfNdIy36P0SwXuwzPv9kk=",
      "System.Security.Claims.wasm": "sha256-Nq0wDHOv2+vGc10VgsowGyFedsVuXaHYcC3OuIC0UCk=",
      "System.Security.Cryptography.wasm": "sha256-VamjW04FUtp/wTrYuByJbr9E2GczgWzSE/5SrXwkJNM=",
      "System.Text.Encodings.Web.wasm": "sha256-a7Ix9b+dk+gRdZJELJtKOVOVI2Kp2nd455S2hxpim/Y=",
      "System.Text.Json.wasm": "sha256-CmXSiflslXq2tKUhp0ghHSUFhXMfaFH0AKGtNsOtfGg=",
      "System.Text.RegularExpressions.wasm": "sha256-3DTrYZzOqDBymowuB75k3mPNNFfeUUpBA1JEPcGsSaA=",
      "System.Threading.Thread.wasm": "sha256-W1Dq8cH9o+IhjxZc33o5vjRxzf4H+5xVzU24ITdtwN4=",
      "System.Threading.wasm": "sha256-ZEWwE6L46WYGfPVl3kE0Gg8cu8jrCwmOfZgjRqIXLUs=",
      "System.Transactions.Local.wasm": "sha256-sLlV8wPn8Y3xsrG8ZiXzeajqIYBAvuLRcvOu8rKbsw4=",
      "System.wasm": "sha256-n7POuPtNGmUEzGtZKZtOEEpj+CuOoQ/qVWMgWhN7NXU=",
      "System.Xml.ReaderWriter.wasm": "sha256-8yz6fPK0pr4eGyue9qMsKPtWvun0V2y2zB/ZTVgdzcs=",
      "WebUI.wasm": "sha256-/eJfBTRnzoZD58JJu7nNnzU8dcHvk6nzzTe1yUjBNsk="
    },
    "libraryInitializers": {
      "_content/Microsoft.FluentUI.AspNetCore.Components/Microsoft.FluentUI.AspNetCore.Components.lib.module.js": "sha256-ofikKGeX0v6SViu0k6v/Ffz7a/gD6UNkM540uIM8zB0="
    },
    "modulesAfterConfigLoaded": {
      "../_content/Microsoft.FluentUI.AspNetCore.Components/Microsoft.FluentUI.AspNetCore.Components.lib.module.js": "sha256-ofikKGeX0v6SViu0k6v/Ffz7a/gD6UNkM540uIM8zB0="
    }
  },
  "cacheBootResources": true,
  "debugLevel": 0,
  "linkerEnabled": true,
  "appsettings": [
    "../appsettings.Development.json",
    "../appsettings.json",
    "../appsettings.Production.json"
  ],
  "globalizationMode": "sharded",
  "extensions": {
    "blazor": {}
  }
}